{
  "total_expected": 403,
  "completed": 403,
  "api_error_count": 2,
  "model": "llama-3.1-8b-instant",
  "tool_selection_accuracy": 0.8784119106699751,
  "precision_macro": 0.9636062861869314,
  "recall_macro": 0.956575682382134,
  "f1_macro": 0.936724565756824,
  "no_tool_rate": 0.034739454094292806,
  "hallucination_rate": 0.0,
  "avg_latency_sec": 31.27555831265507,
  "category_accuracy": {
    "math": 0.8983050847457628,
    "weather": 0.8214285714285714,
    "other": 0.6470588235294118,
    "pdf": 0.5
  },
  "clean_excluding_api_errors": {
    "completed": 401,
    "tool_selection_accuracy": 0.8802992518703242,
    "precision_macro": 0.9642560266001663,
    "recall_macro": 0.956359102244389,
    "f1_macro": 0.9369077306733168,
    "no_tool_rate": 0.034912718204488775,
    "hallucination_rate": 0.0,
    "category_accuracy": {
      "math": 0.8983050847457628,
      "weather": 0.8461538461538461,
      "other": 0.6470588235294118,
      "pdf": 0.5
    }
  }
}